rsID	,	normfunc	,	mutat
rs113164681	,	C	,	T
rs111490789	,	C	,	A
rs17878739	,	T	,	C
rs7902257	,	G	,	A
rs12248560	,	C	,	T
rs367543001	,	G	,	A
rs28399504	,	A	,	G
rs367543002	,	C	,	T
rs367543003	,	T	,	C
rs55752064	,	T	,	C
rs17882687	,	A	,	C
rs145328984	,	C	,	T
rs118203756	,	G	,	C
rs12769205	,	A	,	G
rs41291556	,	T	,	C
rs72552267Â 	,	G	,	A
rs17884712	,	G	,	A
rs58973490	,	G	,	A
rs140278421	,	G	,	C
rs370803989	,	G	,	A
rs4986893	,	G	,	A
rs6413438	,	C	,	T
rs4244285	,	G	,	A
rs72558186	,	T	,	A
rs138142612	,	G	,	A
rs118203757	,	G	,	A
rs113934938	,	G	,	A
rs377184510	,	A	,	G
rs17879685	,	C	,	T
rs56337013	,	C	,	T
rs192154563	,	C	,	T
rs118203759	,	C	,	G
rs55640102	,	A	,	C
